Perfume Name,Wilson Score,Thumbs Up,Thumbs Down,Img Url
Sauvage Elixir Dior (male) ~ 2021,0.59215,3880,2542,https://fimgs.net/mdimg/perfume/270x270.68415.jpg
Gentleman Eau de Parfum Reserve Privée Givenchy (male) ~ 2022,0.68438,2589,1113,https://fimgs.net/mdimg/perfume/270x270.71272.jpg
Ombré Leather Parfum Tom Ford (unisex) ~ 2021,0.65933,2450,1181,https://fimgs.net/mdimg/perfume/270x270.68716.jpg
La Nuit de L'Homme Bleu Électrique Yves Saint Laurent (male) ~ 2021,0.68498,2197,936,https://fimgs.net/mdimg/perfume/270x270.67997.jpg
Emporio Armani Stronger With You Absolutely Giorgio Armani (male) ~ 2021,0.6798,1989,865,https://fimgs.net/mdimg/perfume/270x270.64501.jpg
Dior Homme Original Dior (male) ~ 2021,0.69188,1817,743,https://fimgs.net/mdimg/perfume/270x270.69010.jpg
Terre d'Hermes Eau Givree Hermès (male) ~ 2022,0.66118,1891,895,https://fimgs.net/mdimg/perfume/270x270.72439.jpg
Angels' Share Anniversary Edition By Kilian (unisex) ~ 2022,0.69596,1572,626,https://fimgs.net/mdimg/perfume/270x270.77132.jpg
Valentino Uomo Intense 2021 Valentino (male) ~ 2021,0.6749,1458,640,https://fimgs.net/mdimg/perfume/270x270.75094.jpg
Club de Nuit Intense Man Parfum Armaf (male) ~ 2022,0.59848,1633,1013,https://fimgs.net/mdimg/perfume/270x270.72842.jpg
Y Le Parfum Yves Saint Laurent (male) ~ 2021,0.62061,1456,817,https://fimgs.net/mdimg/perfume/270x270.64718.jpg
The Most Wanted Parfum Azzaro (male) ~ 2022,0.64425,1301,654,https://fimgs.net/mdimg/perfume/270x270.73664.jpg
Le Beau Le Parfum Jean Paul Gaultier (male) ~ 2022,0.60188,1243,751,https://fimgs.net/mdimg/perfume/270x270.72158.jpg
Intense Cedrat Boise Mancera (male) ~ 2021,0.66784,1028,458,https://fimgs.net/mdimg/perfume/270x270.72796.jpg
Noir Extreme Parfum Tom Ford (male) ~ 2022,0.65814,983,457,https://fimgs.net/mdimg/perfume/270x270.75489.jpg
Acqua di Giò Eau de Parfum Giorgio Armani (male) ~ 2022,0.56002,1139,818,https://fimgs.net/mdimg/perfume/270x270.71606.jpg
Armani Code Parfum Giorgio Armani (male) ~ 2022,0.5784,1022,676,https://fimgs.net/mdimg/perfume/270x270.75126.jpg
Dior Homme Sport 2021 Dior (male) ~ 2022,0.57809,1015,672,https://fimgs.net/mdimg/perfume/270x270.71326.jpg
Light Blue Forever pour Homme Dolce&Gabbana (male) ~ 2021,0.60099,900,537,https://fimgs.net/mdimg/perfume/270x270.66556.jpg
Eros Parfum Versace (male) ~ 2021,0.5762,913,606,https://fimgs.net/mdimg/perfume/270x270.70090.jpg
Luna Rossa Ocean Prada (male) ~ 2021,0.5926,879,543,https://fimgs.net/mdimg/perfume/270x270.68753.jpg
The Most Wanted Azzaro (male) ~ 2021,0.65737,760,349,https://fimgs.net/mdimg/perfume/270x270.66826.jpg
Narciso Rodriguez for Him Bleu Noir Parfum Narciso Rodriguez (male) ~ 2022,0.60655,748,431,https://fimgs.net/mdimg/perfume/270x270.71783.jpg
Reflection 45 Man Amouage (male) ~ 2021,0.64117,705,347,https://fimgs.net/mdimg/perfume/270x270.69488.jpg
H24 Eau de Parfum Hermès (male) ~ 2022,0.50909,848,741,https://fimgs.net/mdimg/perfume/270x270.75811.jpg
Terre d'Hermes Flacon H 2021 Parfum Hermès (male) ~ 2021,0.6036,650,376,https://fimgs.net/mdimg/perfume/270x270.65397.jpg
Ébène Fumé Tom Ford (unisex) ~ 2021,0.59646,655,391,https://fimgs.net/mdimg/perfume/270x270.69008.jpg
Spicebomb Infrared Viktor&Rolf (male) ~ 2021,0.56983,659,441,https://fimgs.net/mdimg/perfume/270x270.66514.jpg
Club de Nuit Intense Man Limited Edition Parfum Armaf (male) ~ 2021,0.56434,631,431,https://fimgs.net/mdimg/perfume/270x270.77861.jpg
Dior Homme Cologne 2022 Dior (unisex) ~ 2022,0.61353,572,314,https://fimgs.net/mdimg/perfume/270x270.72062.jpg
Y Eau de Toilette Yves Saint Laurent (male) ~ 2022,0.52915,633,501,https://fimgs.net/mdimg/perfume/270x270.73440.jpg
Tobacolor Dior (unisex) ~ 2021,0.62254,507,265,https://fimgs.net/mdimg/perfume/270x270.65551.jpg
Armani Code Eau de Parfum Giorgio Armani (male) ~ 2021,0.61618,480,257,https://fimgs.net/mdimg/perfume/270x270.65581.jpg
Haltane Parfums de Marly (male) ~ 2021,0.57746,506,322,https://fimgs.net/mdimg/perfume/270x270.70776.jpg
Invictus Victory Paco Rabanne (male) ~ 2021,0.53816,553,418,https://fimgs.net/mdimg/perfume/270x270.65177.jpg
Gris Charnel Extrait BDK Parfums (unisex) ~ 2022,0.59773,474,275,https://fimgs.net/mdimg/perfume/270x270.73645.jpg
Khamrah Lattafa Perfumes (unisex) ~ 2022,0.60542,456,255,https://fimgs.net/mdimg/perfume/270x270.75805.jpg
Scandal Pour Homme Jean Paul Gaultier (male) ~ 2021,0.49016,607,563,https://fimgs.net/mdimg/perfume/270x270.68074.jpg
1 Million Elixir Paco Rabanne (male) ~ 2022,0.45863,689,733,https://fimgs.net/mdimg/perfume/270x270.71708.jpg
Tony Iommi Monkey Special Xerjoff (unisex) ~ 2021,0.59205,457,271,https://fimgs.net/mdimg/perfume/270x270.70789.jpg
Light Blue pour Homme Italian Love Dolce&Gabbana (male) ~ 2022,0.51356,553,463,https://fimgs.net/mdimg/perfume/270x270.72622.jpg
The One Luminous Night Dolce&Gabbana (male) ~ 2021,0.65547,381,167,https://fimgs.net/mdimg/perfume/270x270.65224.jpg
Gentleman Eau de Toilette Intense Givenchy (male) ~ 2021,0.67177,371,150,https://fimgs.net/mdimg/perfume/270x270.65051.jpg
Oud for Happiness Initio Parfums Prives (unisex) ~ 2021,0.54764,425,303,https://fimgs.net/mdimg/perfume/270x270.69224.jpg
Opus XIV – Royal Tobacco Amouage (unisex) ~ 2022,0.57655,378,236,https://fimgs.net/mdimg/perfume/270x270.75064.jpg
Costa Azzurra Parfum Tom Ford (unisex) ~ 2022,0.51595,433,353,https://fimgs.net/mdimg/perfume/270x270.71511.jpg
Terre d'Hermes Flacon H 2021 Eau de Toilette Hermès (male) ~ 2021,0.54052,374,272,https://fimgs.net/mdimg/perfume/270x270.65396.jpg
Kenzo Homme Eau de Toilette Intense Kenzo (male) ~ 2021,0.51959,395,315,https://fimgs.net/mdimg/perfume/270x270.67899.jpg
Valentino Uomo Born In Roma Coral Fantasy Valentino (male) ~ 2022,0.53102,380,288,https://fimgs.net/mdimg/perfume/270x270.71761.jpg
H24 Hermès (male) ~ 2021,0.49952,373,322,https://fimgs.net/mdimg/perfume/270x270.65147.jpg
Asad Lattafa Perfumes (male) ~ 2021,0.58439,295,174,https://fimgs.net/mdimg/perfume/270x270.72821.jpg
Détour Noir Al Haramain Perfumes (unisex) ~ 2021,0.67926,245,91,https://fimgs.net/mdimg/perfume/270x270.70748.jpg
Vanilla Diorama Dior (unisex) ~ 2021,0.53285,316,234,https://fimgs.net/mdimg/perfume/270x270.68198.jpg
Emporio Armani Stronger With You Oud Giorgio Armani (male) ~ 2022,0.56081,287,187,https://fimgs.net/mdimg/perfume/270x270.76171.jpg
Acqua di Giò Profondo Lights Giorgio Armani (male) ~ 2021,0.55318,284,191,https://fimgs.net/mdimg/perfume/270x270.66265.jpg
Supremacy Not Only Intense Afnan (male) ~ 2021,0.5118,305,246,https://fimgs.net/mdimg/perfume/270x270.68271.jpg
Gucci Guilty Pour Homme Parfum Gucci (male) ~ 2022,0.49923,309,263,https://fimgs.net/mdimg/perfume/270x270.71378.jpg
Ambre Nuit New Look Limited Edition Dior (unisex) ~ 2022,0.5866,246,141,https://fimgs.net/mdimg/perfume/270x270.71824.jpg
L'Homme Eau de Parfum Yves Saint Laurent (male) ~ 2022,0.55866,254,165,https://fimgs.net/mdimg/perfume/270x270.72727.jpg
Lalique White in Black Lalique (male) ~ 2021,0.57015,232,142,https://fimgs.net/mdimg/perfume/270x270.66242.jpg
Turathi Blue Afnan (male) ~ 2021,0.48795,247,216,https://fimgs.net/mdimg/perfume/270x270.70839.jpg
Bade'e Al Oud Amethyst Lattafa Perfumes (unisex) ~ 2021,0.51174,220,172,https://fimgs.net/mdimg/perfume/270x270.68214.jpg
Oud & Spice Acqua di Parma (male) ~ 2021,0.5005,224,184,https://fimgs.net/mdimg/perfume/270x270.68516.jpg
Ralph's Club Parfum Ralph Lauren (male) ~ 2022,0.46806,251,239,https://fimgs.net/mdimg/perfume/270x270.75684.jpg
Boundless Amouage (unisex) ~ 2021,0.51188,212,165,https://fimgs.net/mdimg/perfume/270x270.66528.jpg
Bad Boy Cobalt Parfum Electrique Carolina Herrera (male) ~ 2022,0.43779,281,307,https://fimgs.net/mdimg/perfume/270x270.71888.jpg
Cuoium Orto Parisi (unisex) ~ 2021,0.4935,217,183,https://fimgs.net/mdimg/perfume/270x270.69923.jpg
Sycomore Parfum Chanel (unisex) ~ 2022,0.51467,199,152,https://fimgs.net/mdimg/perfume/270x270.75821.jpg
Apple Brandy on the Rocks By Kilian (unisex) ~ 2021,0.56119,174,107,https://fimgs.net/mdimg/perfume/270x270.68326.jpg
Imagination Louis Vuitton (male) ~ 2021,0.50647,194,153,https://fimgs.net/mdimg/perfume/270x270.67370.jpg
Invictus Platinum Paco Rabanne (male) ~ 2022,0.43568,251,274,https://fimgs.net/mdimg/perfume/270x270.72557.jpg
Cool Water Parfum Davidoff (male) ~ 2021,0.49979,188,152,https://fimgs.net/mdimg/perfume/270x270.66525.jpg
Ameer Al Oudh Intense Oud Lattafa Perfumes (unisex) ~ 2021,0.58858,150,80,https://fimgs.net/mdimg/perfume/270x270.64947.jpg
Hero Eau de Parfum Burberry (male) ~ 2022,0.44248,230,242,https://fimgs.net/mdimg/perfume/270x270.75182.jpg
Kenzo Homme Eau de Parfum Kenzo (male) ~ 2022,0.46236,204,195,https://fimgs.net/mdimg/perfume/270x270.73225.jpg
Habit Rouge L'Instinct Guerlain (male) ~ 2022,0.52437,156,111,https://fimgs.net/mdimg/perfume/270x270.73514.jpg
Polo Blue Parfum Ralph Lauren (male) ~ 2022,0.44412,199,205,https://fimgs.net/mdimg/perfume/270x270.73299.jpg
Paris – Édimbourg Chanel (unisex) ~ 2021,0.46895,175,160,https://fimgs.net/mdimg/perfume/270x270.67269.jpg
Musk Therapy Initio Parfums Prives (unisex) ~ 2021,0.50731,152,116,https://fimgs.net/mdimg/perfume/270x270.66097.jpg
Ambassador Intense Gisada (male) ~ 2022,0.46137,170,160,https://fimgs.net/mdimg/perfume/270x270.76636.jpg
Sundowner Tauer Perfumes (unisex) ~ 2021,0.47024,163,147,https://fimgs.net/mdimg/perfume/270x270.70275.jpg
Encelade Marc-Antoine Barrois (unisex) ~ 2022,0.51129,133,98,https://fimgs.net/mdimg/perfume/270x270.74121.jpg
Bvlgari Man Terrae Essence Bvlgari (male) ~ 2021,0.49402,139,111,https://fimgs.net/mdimg/perfume/270x270.68293.jpg
Viking Cologne Creed (male) ~ 2021,0.41592,198,230,https://fimgs.net/mdimg/perfume/270x270.67039.jpg
Boss The Scent Le Parfum for Him Le Parfum Hugo Boss (male) ~ 2022,0.4995,134,104,https://fimgs.net/mdimg/perfume/270x270.71500.jpg
Fakhar Black Lattafa Perfumes (male) ~ 2021,0.50262,131,100,https://fimgs.net/mdimg/perfume/270x270.70465.jpg
Colonia C.L.U.B. Acqua di Parma (male) ~ 2022,0.42986,154,164,https://fimgs.net/mdimg/perfume/270x270.72707.jpg
Cherry Oud Guerlain (unisex) ~ 2022,0.43544,147,152,https://fimgs.net/mdimg/perfume/270x270.76302.jpg
Scandal Pour Homme Le Parfum Jean Paul Gaultier (male) ~ 2022,0.39416,181,229,https://fimgs.net/mdimg/perfume/270x270.74915.jpg
Torino21 Xerjoff (unisex) ~ 2021,0.54564,85,50,https://fimgs.net/mdimg/perfume/270x270.70424.jpg
Le Male On Board Jean Paul Gaultier (male) ~ 2021,0.43897,111,109,https://fimgs.net/mdimg/perfume/270x270.65595.jpg
Ralph's Club Ralph Lauren (male) ~ 2021,0.45344,104,95,https://fimgs.net/mdimg/perfume/270x270.68282.jpg
L’Eau d’Issey Pour Homme Eau & Cèdre Issey Miyake (male) ~ 2022,0.46879,97,82,https://fimgs.net/mdimg/perfume/270x270.72697.jpg
Hero Burberry (male) ~ 2021,0.38175,162,214,https://fimgs.net/mdimg/perfume/270x270.68627.jpg
Valentino Uomo Born In Roma Yellow Dream Valentino (male) ~ 2021,0.46604,96,82,https://fimgs.net/mdimg/perfume/270x270.64614.jpg
Oud Ispahan New Look Limited Edition Dior (unisex) ~ 2022,0.41492,119,131,https://fimgs.net/mdimg/perfume/270x270.71825.jpg
Ferragamo Intense Leather Salvatore Ferragamo (male) ~ 2021,0.44354,102,97,https://fimgs.net/mdimg/perfume/270x270.65225.jpg
Tonka Cola Mancera (unisex) ~ 2022,0.41593,113,123,https://fimgs.net/mdimg/perfume/270x270.76893.jpg
Torino22 Xerjoff (unisex) ~ 2022,0.47979,85,67,https://fimgs.net/mdimg/perfume/270x270.77059.jpg
Baccarat Rouge 540 Extrait Limited Edition 2021 Maison Francis Kurkdjian (unisex) ~ 2021,0.42646,99,101,https://fimgs.net/mdimg/perfume/270x270.70900.jpg
Bad Boy Le Parfum Carolina Herrera (male) ~ 2021,0.36336,170,245,https://fimgs.net/mdimg/perfume/270x270.65718.jpg
L.12.12 Eau de Parfum Blanc For Him Lacoste Fragrances (male) ~ 2021,0.48837,72,53,https://fimgs.net/mdimg/perfume/270x270.65874.jpg
Orphéon Eau de Parfum Diptyque (unisex) ~ 2021,0.46042,72,60,https://fimgs.net/mdimg/perfume/270x270.65738.jpg
Boss Bottled Parfum Hugo Boss (male) ~ 2022,0.37692,119,155,https://fimgs.net/mdimg/perfume/270x270.75183.jpg
Club De Nuit Urban Elixir Armaf (male) ~ 2022,0.47506,62,47,https://fimgs.net/mdimg/perfume/270x270.77860.jpg
Drakkar Intense Guy Laroche (male) ~ 2022,0.38203,99,123,https://fimgs.net/mdimg/perfume/270x270.71732.jpg
Apex Roja Dove (male) ~ 2022,0.36567,117,160,https://fimgs.net/mdimg/perfume/270x270.72723.jpg
Paragon Initio Parfums Prives (unisex) ~ 2022,0.46676,58,45,https://fimgs.net/mdimg/perfume/270x270.76580.jpg
Emporio Armani Stronger With You Only Giorgio Armani (male) ~ 2022,0.3955,78,88,https://fimgs.net/mdimg/perfume/270x270.71505.jpg
Chrome Eau de Parfum Azzaro (male) ~ 2022,0.49485,50,33,https://fimgs.net/mdimg/perfume/270x270.72608.jpg
Gris Dior New Look Limited Edition Dior (unisex) ~ 2022,0.44774,57,48,https://fimgs.net/mdimg/perfume/270x270.71823.jpg
Épices Exquises Guerlain (unisex) ~ 2022,0.40999,67,69,https://fimgs.net/mdimg/perfume/270x270.74816.jpg
Kenzo Homme Eau de Toilette Kenzo (male) ~ 2022,0.39307,75,85,https://fimgs.net/mdimg/perfume/270x270.71687.jpg
Opus XIII – Silver Oud Amouage (unisex) ~ 2021,0.38327,78,93,https://fimgs.net/mdimg/perfume/270x270.74285.jpg
Polo Cologne Intense Eau de Parfum Ralph Lauren (male) ~ 2021,0.38327,78,93,https://fimgs.net/mdimg/perfume/270x270.66411.jpg
Figuier Noir Houbigant (male) ~ 2022,0.36198,94,127,https://fimgs.net/mdimg/perfume/270x270.74384.jpg
Bleu de Chanel All-Over Spray Chanel (male) ~ 2021,0.36045,96,131,https://fimgs.net/mdimg/perfume/270x270.67790.jpg
Black Phantom Memento Mori Anniversary Edition By Kilian (unisex) ~ 2022,0.39528,61,66,https://fimgs.net/mdimg/perfume/270x270.77058.jpg
Pour Un Homme de Caron Le Soir Caron (male) ~ 2022,0.36416,79,103,https://fimgs.net/mdimg/perfume/270x270.73600.jpg
Déclaration Haute Fraîcheur Cartier (unisex) ~ 2021,0.39433,60,65,https://fimgs.net/mdimg/perfume/270x270.71441.jpg
Amber Oud Ruby Edition Al Haramain Perfumes (unisex) ~ 2022,0.39099,60,66,https://fimgs.net/mdimg/perfume/270x270.73208.jpg
Opus VII – Reckless Leather Amouage (unisex) ~ 2013,0.35701,69,91,https://fimgs.net/mdimg/perfume/270x270.74284.jpg
L.12.12 Blanc Eau Fraîche Eau de Toilette For Him Lacoste Fragrances (male) ~ 2022,0.34294,87,127,https://fimgs.net/mdimg/perfume/270x270.71504.jpg
Autumn Vibes Maison Martin Margiela (unisex) ~ 2021,0.39309,48,50,https://fimgs.net/mdimg/perfume/270x270.67789.jpg
Babycat Yves Saint Laurent (unisex) ~ 2022,0.42698,38,32,https://fimgs.net/mdimg/perfume/270x270.73149.jpg
Eau de Basilic Pourpre Hermès (unisex) ~ 2022,0.37553,50,57,https://fimgs.net/mdimg/perfume/270x270.74600.jpg
XJ 1861 Decas Xerjoff (unisex) ~ 2021,0.38056,48,53,https://fimgs.net/mdimg/perfume/270x270.66198.jpg
Supremacy in Oud Afnan (unisex) ~ 2021,0.35252,62,82,https://fimgs.net/mdimg/perfume/270x270.68283.jpg
Impact Intense Tommy Hilfiger (male) ~ 2021,0.41916,36,31,https://fimgs.net/mdimg/perfume/270x270.67365.jpg
Roberto Cavalli Uomo Golden Anniversary Roberto Cavalli (male) ~ 2021,0.33913,69,99,https://fimgs.net/mdimg/perfume/270x270.75092.jpg
Wet Cherry Liquor Bohoboco (unisex) ~ 2022,0.35306,55,71,https://fimgs.net/mdimg/perfume/270x270.74151.jpg
Joop! Homme Eau de Parfum Joop! (male) ~ 2021,0.32615,95,152,https://fimgs.net/mdimg/perfume/270x270.67489.jpg
724 Maison Francis Kurkdjian (unisex) ~ 2022,0.33318,72,107,https://fimgs.net/mdimg/perfume/270x270.75754.jpg
Sacred Scarab Zoologist Perfumes (unisex) ~ 2022,0.3238,82,130,https://fimgs.net/mdimg/perfume/270x270.74638.jpg
Eternal Oud Lattafa Perfumes (unisex) ~ 2022,0.35852,42,50,https://fimgs.net/mdimg/perfume/270x270.78155.jpg
Joop! Homme Le Parfum Joop! (male) ~ 2022,0.31824,103,173,https://fimgs.net/mdimg/perfume/270x270.72309.jpg
Orchid Leather Van Cleef & Arpels (unisex) ~ 2021,0.33759,48,65,https://fimgs.net/mdimg/perfume/270x270.65992.jpg
Original Wood DSQUARED² (male) ~ 2022,0.33733,43,57,https://fimgs.net/mdimg/perfume/270x270.71690.jpg
The World According to Arthur Penhaligon's (unisex) ~ 2021,0.36022,31,34,https://fimgs.net/mdimg/perfume/270x270.71646.jpg
Sports Car Club Penhaligon's (unisex) ~ 2022,0.32123,54,81,https://fimgs.net/mdimg/perfume/270x270.73924.jpg
Ambre de Coco Areej Le Doré (unisex) ~ 2022,0.31545,69,111,https://fimgs.net/mdimg/perfume/270x270.76653.jpg
Zaharoff Signature Tabac Zaharoff (unisex) ~ 2021,0.33182,39,52,https://fimgs.net/mdimg/perfume/270x270.70949.jpg
Vibrant Leather Intense Zara (male) ~ 2021,0.30997,83,141,https://fimgs.net/mdimg/perfume/270x270.67174.jpg
Brioni Eau de Parfum Intense Brioni (male) ~ 2021,0.31777,51,77,https://fimgs.net/mdimg/perfume/270x270.69857.jpg
Aventus Oil Creed (male) ~ 2021,0.31244,66,107,https://fimgs.net/mdimg/perfume/270x270.71297.jpg
On The Beach Louis Vuitton (unisex) ~ 2021,0.33605,34,43,https://fimgs.net/mdimg/perfume/270x270.66060.jpg
The One Gold For Men Dolce&Gabbana (male) ~ 2021,0.30903,64,105,https://fimgs.net/mdimg/perfume/270x270.69000.jpg
Legend Red Montblanc (male) ~ 2022,0.3157,45,67,https://fimgs.net/mdimg/perfume/270x270.71652.jpg
Nerolia Vetiver Guerlain (unisex) ~ 2022,0.36484,21,20,https://fimgs.net/mdimg/perfume/270x270.71757.jpg
Corpus Equus Naomi Goodsir (unisex) ~ 2021,0.3045,75,129,https://fimgs.net/mdimg/perfume/270x270.69309.jpg
Mongolian Cashmere Alfred Dunhill (male) ~ 2022,0.307,45,70,https://fimgs.net/mdimg/perfume/270x270.75812.jpg
Aqua Universalis Cologne Forte Maison Francis Kurkdjian (unisex) ~ 2021,0.31935,30,40,https://fimgs.net/mdimg/perfume/270x270.66996.jpg
Uncut Gem Frederic Malle (male) ~ 2022,0.30161,85,151,https://fimgs.net/mdimg/perfume/270x270.74926.jpg
Material Amouage (unisex) ~ 2021,0.30023,53,88,https://fimgs.net/mdimg/perfume/270x270.66527.jpg
Nordic Fougère Alfred Dunhill (male) ~ 2022,0.29603,61,106,https://fimgs.net/mdimg/perfume/270x270.75813.jpg
Phantom Paco Rabanne (male) ~ 2021,0.29814,104,193,https://fimgs.net/mdimg/perfume/270x270.68226.jpg
Rose D'Amalfi Tom Ford (unisex) ~ 2022,0.29612,31,47,https://fimgs.net/mdimg/perfume/270x270.71538.jpg
Frustration Etat Libre d'Orange (unisex) ~ 2022,0.30501,22,29,https://fimgs.net/mdimg/perfume/270x270.71611.jpg
Iberian Leather Memo Paris (unisex) ~ 2022,0.30939,20,25,https://fimgs.net/mdimg/perfume/270x270.72554.jpg
God of Fire Stéphane Humbert Lucas 777 (unisex) ~ 2022,0.29114,48,82,https://fimgs.net/mdimg/perfume/270x270.72381.jpg
Van Py Rhum Lorenzo Pazzaglia (unisex) ~ 2022,0.29105,37,60,https://fimgs.net/mdimg/perfume/270x270.74243.jpg
Tobacco Rush Afnan (unisex) ~ 2022,0.2909,40,66,https://fimgs.net/mdimg/perfume/270x270.75682.jpg
Crystal Saffron Matiere Premiere (unisex) ~ 2022,0.29628,24,34,https://fimgs.net/mdimg/perfume/270x270.76131.jpg
1270 Extrême Frapin (unisex) ~ 2022,0.32633,14,14,https://fimgs.net/mdimg/perfume/270x270.72841.jpg
Eternity Parfum For Men Calvin Klein (male) ~ 2022,0.29043,60,107,https://fimgs.net/mdimg/perfume/270x270.75798.jpg
Unspoken Musk Francesca Bianchi (unisex) ~ 2022,0.2879,37,61,https://fimgs.net/mdimg/perfume/270x270.76133.jpg
L'Eau Kenzo Boisee Kenzo (male) ~ 2022,0.28929,27,41,https://fimgs.net/mdimg/perfume/270x270.73902.jpg
Hugo Man Hugo Boss (male) ~ 2021,0.28842,30,47,https://fimgs.net/mdimg/perfume/270x270.64606.jpg
Nuit d'Issey Bois Arctic Issey Miyake (male) ~ 2021,0.28968,19,26,https://fimgs.net/mdimg/perfume/270x270.70799.jpg
Starwalker Extreme Montblanc (male) ~ 2021,0.28621,57,103,https://fimgs.net/mdimg/perfume/270x270.71710.jpg
Le Gemme Empyr Bvlgari (male) ~ 2021,0.2805,28,45,https://fimgs.net/mdimg/perfume/270x270.69493.jpg
Van Sea Lorenzo Pazzaglia (unisex) ~ 2022,0.39677,7,3,https://fimgs.net/mdimg/perfume/270x270.74244.jpg
Pour Un Homme de Caron Le Matin Caron (male) ~ 2022,0.28062,43,76,https://fimgs.net/mdimg/perfume/270x270.73601.jpg
Of the Immortals Zaharoff (unisex) ~ 2022,0.28413,13,16,https://fimgs.net/mdimg/perfume/270x270.76915.jpg
The Library Collection Silver Oud Amouage (unisex) ~ 2021,0.29237,11,12,https://fimgs.net/mdimg/perfume/270x270.69051.jpg
Reliqvia Filippo Sorcinelli (unisex) ~ 2021,0.3538,7,4,https://fimgs.net/mdimg/perfume/270x270.69497.jpg
Brioni Eau de Parfum Brioni (male) ~ 2021,0.28107,52,95,https://fimgs.net/mdimg/perfume/270x270.66300.jpg
Montri Parfums Dusita (unisex) ~ 2022,0.27586,12,15,https://fimgs.net/mdimg/perfume/270x270.74414.jpg
Essencial Único Natura (male) ~ 2022,0.2647,20,32,https://fimgs.net/mdimg/perfume/270x270.72417.jpg
"Rosendo Mateu Nº 7 Patchouli, Oud, Vanilla Rosendo Mateu Olfactive Expressions (unisex) ~ 2021",0.26927,29,50,https://fimgs.net/mdimg/perfume/270x270.70200.jpg
Vibrant Leather Bogoss Zara (male) ~ 2021,0.26157,23,39,https://fimgs.net/mdimg/perfume/270x270.66891.jpg
Opus V – Woods Symphony Amouage (unisex) ~ 2011,0.2582,9,11,https://fimgs.net/mdimg/perfume/270x270.74283.jpg
Van Exstasyx Lorenzo Pazzaglia (unisex) ~ 2022,0.30574,5,3,https://fimgs.net/mdimg/perfume/270x270.74242.jpg
Passion Rose Lorenzo Pazzaglia (unisex) ~ 2022,0.30574,5,3,https://fimgs.net/mdimg/perfume/270x270.74240.jpg
Ink Akro (unisex) ~ 2022,0.26998,41,76,https://fimgs.net/mdimg/perfume/270x270.73528.jpg
Libertine Neroli Francesca Bianchi (unisex) ~ 2022,0.26645,35,64,https://fimgs.net/mdimg/perfume/270x270.74531.jpg
Halloween Man Hero Halloween (male) ~ 2021,0.26708,36,66,https://fimgs.net/mdimg/perfume/270x270.66200.jpg
Kajal Homme II Kajal (male) ~ 2021,0.25715,23,40,https://fimgs.net/mdimg/perfume/270x270.65409.jpg
Riviera Sunrise Atelier des Ors (unisex) ~ 2022,0.24785,14,22,https://fimgs.net/mdimg/perfume/270x270.74610.jpg
Gaultier² Jean Paul Gaultier (unisex) ~ 2022,0.26665,5,4,https://fimgs.net/mdimg/perfume/270x270.76519.jpg
Hugo Jeans Man Hugo Boss (male) ~ 2022,0.26665,5,4,https://fimgs.net/mdimg/perfume/270x270.78426.jpg
Sacred Wood Anniversary Edition By Kilian (unisex) ~ 2022,0.2657,38,71,https://fimgs.net/mdimg/perfume/270x270.77133.jpg
Lagerfeld Classic Grey Karl Lagerfeld (male) ~ 2022,0.23733,12,19,https://fimgs.net/mdimg/perfume/270x270.72953.jpg
Fig Extasy Mancera (unisex) ~ 2021,0.24223,15,25,https://fimgs.net/mdimg/perfume/270x270.69859.jpg
Molecule 01 + Iris Escentric Molecules (unisex) ~ 2021,0.23142,8,11,https://fimgs.net/mdimg/perfume/270x270.66048.jpg
Boss Bottled Marine Hugo Boss (male) ~ 2022,0.30064,3,1,https://fimgs.net/mdimg/perfume/270x270.72259.jpg
Eyes Closed Byredo (unisex) ~ 2022,0.27092,51,98,https://fimgs.net/mdimg/perfume/270x270.76339.jpg
Rose de Russie Tom Ford (unisex) ~ 2022,0.25838,32,60,https://fimgs.net/mdimg/perfume/270x270.71540.jpg
Le Male Collector Edition 2022 Jean Paul Gaultier (male) ~ 2022,0.2359,15,26,https://fimgs.net/mdimg/perfume/270x270.76518.jpg
Le Male Pride Edition Jean Paul Gaultier (male) ~ 2022,0.21271,5,6,https://fimgs.net/mdimg/perfume/270x270.73607.jpg
Blue Heart Thameen (unisex) ~ 2022,0.23823,19,35,https://fimgs.net/mdimg/perfume/270x270.75055.jpg
Boss Bottled United Eau de Parfum Hugo Boss (male) ~ 2021,0.18761,3,3,https://fimgs.net/mdimg/perfume/270x270.66466.jpg
NoMad Bond No 9 (unisex) ~ 2021,0.20765,2,1,https://fimgs.net/mdimg/perfume/270x270.69735.jpg
Followed Kerosene (unisex) ~ 2022,0.20765,2,1,https://fimgs.net/mdimg/perfume/270x270.75977.jpg
Oud Nude Guerlain (unisex) ~ 2022,0.2654,48,94,https://fimgs.net/mdimg/perfume/270x270.76304.jpg
Magenta Tanzanite Giorgio Armani (unisex) ~ 2022,0.26063,41,80,https://fimgs.net/mdimg/perfume/270x270.71536.jpg
Dream Sea Lorenzo Pazzaglia (unisex) ~ 2021,0.25039,30,58,https://fimgs.net/mdimg/perfume/270x270.69657.jpg
Sex-Sea Lorenzo Pazzaglia (unisex) ~ 2022,0.24799,28,54,https://fimgs.net/mdimg/perfume/270x270.74241.jpg
Bête Humaine Les Liquides Imaginaires (unisex) ~ 2021,0.24536,26,50,https://fimgs.net/mdimg/perfume/270x270.65665.jpg
Wood On Fire Montale (unisex) ~ 2021,0.24246,24,46,https://fimgs.net/mdimg/perfume/270x270.71301.jpg
Foudroyant Givenchy (unisex) ~ 2022,0.22924,17,32,https://fimgs.net/mdimg/perfume/270x270.73009.jpg
Hard Candy Aaron Terence Hughes (unisex) ~ 2022,0.23747,21,40,https://fimgs.net/mdimg/perfume/270x270.75905.jpg
Faris Kajal (unisex) ~ 2022,0.21488,12,22,https://fimgs.net/mdimg/perfume/270x270.73379.jpg
Le Male Xmas Limited Edition 2021 Jean Paul Gaultier (male) ~ 2021,0.23561,20,38,https://fimgs.net/mdimg/perfume/270x270.70255.jpg
L'Heure Verte By Kilian (unisex) ~ 2021,0.21488,12,22,https://fimgs.net/mdimg/perfume/270x270.68324.jpg
Mana Nishane (unisex) ~ 2022,0.19149,7,12,https://fimgs.net/mdimg/perfume/270x270.72701.jpg
Paramour 91 Omanluxury (unisex) ~ 2021,0.15822,3,4,https://fimgs.net/mdimg/perfume/270x270.69476.jpg
Leather Iris Theodoros Kalotinis (unisex) ~ 2021,0.16818,4,6,https://fimgs.net/mdimg/perfume/270x270.69140.jpg
Cherry Ink Lorenzo Pazzaglia (unisex) ~ 2022,0.15822,3,4,https://fimgs.net/mdimg/perfume/270x270.78278.jpg
Leatherize DS&Durga (unisex) ~ 2022,0.15822,3,4,https://fimgs.net/mdimg/perfume/270x270.76147.jpg
Trussardi Uomo Levriero Limited Edition Trussardi (male) ~ 2022,0.15004,2,2,https://fimgs.net/mdimg/perfume/270x270.77027.jpg
Sound Of The Brave Diesel (male) ~ 2021,0.15004,2,2,https://fimgs.net/mdimg/perfume/270x270.68101.jpg
Signature Rosé Zaharoff (unisex) ~ 2021,0.25839,41,81,https://fimgs.net/mdimg/perfume/270x270.68189.jpg
Narcotix Citrus Lorenzo Pazzaglia (unisex) ~ 2022,0.23137,20,39,https://fimgs.net/mdimg/perfume/270x270.74246.jpg
Ck One Summer Daze Calvin Klein (unisex) ~ 2022,0.24046,25,49,https://fimgs.net/mdimg/perfume/270x270.72868.jpg
Eternal Lily Amber Bohoboco (unisex) ~ 2022,0.2292,19,37,https://fimgs.net/mdimg/perfume/270x270.77856.jpg
Cool Water Reborn Davidoff (male) ~ 2022,0.24743,30,59,https://fimgs.net/mdimg/perfume/270x270.73603.jpg
Le Gemme Orom Bvlgari (male) ~ 2022,0.21559,14,27,https://fimgs.net/mdimg/perfume/270x270.72618.jpg
The Hedonist Ex Nihilo (unisex) ~ 2021,0.19941,10,19,https://fimgs.net/mdimg/perfume/270x270.69225.jpg
Épices Volées Guerlain (unisex) ~ 2021,0.19412,9,17,https://fimgs.net/mdimg/perfume/270x270.69276.jpg
Flam Memo Paris (unisex) ~ 2021,0.13684,3,5,https://fimgs.net/mdimg/perfume/270x270.69613.jpg
My Looks Color Collection Man Looks By Wolfgang Joop (male) ~ 2021,0.09453,1,1,https://fimgs.net/mdimg/perfume/270x270.68728.jpg
Limewood Blackcliff Parfums (unisex) ~ 2021,0.09453,1,1,https://fimgs.net/mdimg/perfume/270x270.71882.jpg
Apex Parfum Roja Dove (unisex) ~ 2022,0.24937,34,68,https://fimgs.net/mdimg/perfume/270x270.76244.jpg
Jimmy Choo Man Aqua Jimmy Choo (male) ~ 2022,0.24582,31,62,https://fimgs.net/mdimg/perfume/270x270.73399.jpg
Swedish Wood Extrait Pana Dora (unisex) ~ 2021,0.20633,13,26,https://fimgs.net/mdimg/perfume/270x270.68465.jpg
Cheval Blanc Paris Dior (unisex) ~ 2021,0.17195,7,14,https://fimgs.net/mdimg/perfume/270x270.69283.jpg
Club 6 Exclusive Eudora (male) ~ 2022,0.15176,5,10,https://fimgs.net/mdimg/perfume/270x270.77991.jpg
Velvet Black Patchouli Dolce&Gabbana (unisex) ~ 2021,0.17195,7,14,https://fimgs.net/mdimg/perfume/270x270.65937.jpg
Oud Seven Matiere Premiere (unisex) ~ 2021,0.17195,7,14,https://fimgs.net/mdimg/perfume/270x270.68858.jpg
Infusion de Vanille Prada (unisex) ~ 2022,0.09677,2,4,https://fimgs.net/mdimg/perfume/270x270.74476.jpg
Match Point Eau De Parfum Lacoste Fragrances (male) ~ 2022,0.09677,2,4,https://fimgs.net/mdimg/perfume/270x270.71660.jpg
Vir Profumum Roma (unisex) ~ 2022,0.25311,40,81,https://fimgs.net/mdimg/perfume/270x270.76184.jpg
Raw Cherry Aaron Terence Hughes (unisex) ~ 2022,0.22791,22,45,https://fimgs.net/mdimg/perfume/270x270.72720.jpg
Checkmate Mind Games (unisex) ~ 2022,0.17205,8,17,https://fimgs.net/mdimg/perfume/270x270.76719.jpg
Bois Dormant Celine (unisex) ~ 2022,0.14164,5,11,https://fimgs.net/mdimg/perfume/270x270.76132.jpg
10 Bogue (unisex) ~ 2022,0.1268,4,9,https://fimgs.net/mdimg/perfume/270x270.77254.jpg
Agneta EIGHT & BOB (unisex) ~ 2022,0.1268,4,9,https://fimgs.net/mdimg/perfume/270x270.76584.jpg
Miraceti Aesop (unisex) ~ 2021,0.04559,1,3,https://fimgs.net/mdimg/perfume/270x270.69186.jpg
Wake Up World Parle Moi de Parfum (unisex) ~ 2022,0.24783,37,76,https://fimgs.net/mdimg/perfume/270x270.72812.jpg
Oud Khôl Guerlain (unisex) ~ 2022,0.26551,60,122,https://fimgs.net/mdimg/perfume/270x270.76314.jpg
Explorer Ultra Blue Montblanc (male) ~ 2021,0.2626,55,112,https://fimgs.net/mdimg/perfume/270x270.66266.jpg
Boss Bottled Collector Eau de Parfum Hugo Boss (male) ~ 2021,0.23586,28,58,https://fimgs.net/mdimg/perfume/270x270.69594.jpg
Blanche Bête Les Liquides Imaginaires (unisex) ~ 2021,0.22657,23,48,https://fimgs.net/mdimg/perfume/270x270.70189.jpg
Historic Olmeda Afnan (unisex) ~ 2022,0.22657,23,48,https://fimgs.net/mdimg/perfume/270x270.75670.jpg
Neroli Mediterraneo Perris Monte Carlo (unisex) ~ 2022,0.17275,9,20,https://fimgs.net/mdimg/perfume/270x270.74452.jpg
Roma Uomo Green Swing Laura Biagiotti (male) ~ 2021,0.15604,7,16,https://fimgs.net/mdimg/perfume/270x270.67205.jpg
Aswan WIDIAN (unisex) ~ 2021,0.15604,7,16,https://fimgs.net/mdimg/perfume/270x270.69441.jpg
2nd Soul Zaharoff (unisex) ~ 2022,0.1328,5,12,https://fimgs.net/mdimg/perfume/270x270.76916.jpg
Sublimizia Bruno Perrucci Parfums (unisex) ~ 2022,0.14548,6,14,https://fimgs.net/mdimg/perfume/270x270.74440.jpg
Mulberry Fig Floris (unisex) ~ 2022,0.09746,3,8,https://fimgs.net/mdimg/perfume/270x270.72620.jpg
Oud Al Sahraa Lattafa Perfumes (unisex) ~ 2021,0.07148,2,6,https://fimgs.net/mdimg/perfume/270x270.69027.jpg
French Flower Matiere Premiere (unisex) ~ 2022,0.22942,26,55,https://fimgs.net/mdimg/perfume/270x270.73007.jpg
Timeless Clive Christian (unisex) ~ 2022,0.21004,18,39,https://fimgs.net/mdimg/perfume/270x270.77140.jpg
Jasmine White Leather Bohoboco (unisex) ~ 2022,0.22748,25,53,https://fimgs.net/mdimg/perfume/270x270.77857.jpg
Papilefiko Nishane (unisex) ~ 2022,0.19529,14,31,https://fimgs.net/mdimg/perfume/270x270.74667.jpg
Dark Vinyl Musk Bohoboco (unisex) ~ 2021,0.22325,23,49,https://fimgs.net/mdimg/perfume/270x270.69439.jpg
Matsukita Clive Christian (unisex) ~ 2021,0.20679,17,37,https://fimgs.net/mdimg/perfume/270x270.65983.jpg
Tabac Doré Bortnikoff (unisex) ~ 2021,0.20679,17,37,https://fimgs.net/mdimg/perfume/270x270.67747.jpg
L'Iris Santa Maria Novella (unisex) ~ 2022,0.17375,10,23,https://fimgs.net/mdimg/perfume/270x270.74288.jpg
Boucheron Singulier Boucheron (male) ~ 2022,0.18004,11,25,https://fimgs.net/mdimg/perfume/270x270.76761.jpg
London Spice Fragrance Du Bois (unisex) ~ 2021,0.18566,12,27,https://fimgs.net/mdimg/perfume/270x270.72642.jpg
Encens Roi Histoires de Parfums (unisex) ~ 2022,0.18004,11,25,https://fimgs.net/mdimg/perfume/270x270.74821.jpg
Almaz Kajal (unisex) ~ 2022,0.16665,9,21,https://fimgs.net/mdimg/perfume/270x270.73429.jpg
Navis Les Liquides Imaginaires (unisex) ~ 2022,0.14914,7,17,https://fimgs.net/mdimg/perfume/270x270.73555.jpg
Insignia Thameen (unisex) ~ 2022,0.14914,7,17,https://fimgs.net/mdimg/perfume/270x270.76890.jpg
Frenchy Lavande Guerlain (unisex) ~ 2021,0.15853,8,19,https://fimgs.net/mdimg/perfume/270x270.69274.jpg
Majnoon Azman (unisex) ~ 2022,0.10897,4,11,https://fimgs.net/mdimg/perfume/270x270.71828.jpg
Vetiver de Noir Sapientiae Niche (male) ~ 2021,0.10897,4,11,https://fimgs.net/mdimg/perfume/270x270.69598.jpg
Tobacco Flirting With Vanilla Mes Bisous (unisex) ~ 2022,0.03005,1,5,https://fimgs.net/mdimg/perfume/270x270.73512.jpg
Hibiscus Mahajád Maison Crivelli (unisex) ~ 2021,0.24083,35,74,https://fimgs.net/mdimg/perfume/270x270.69069.jpg
Platinum 22 Floris (unisex) ~ 2022,0.20937,19,42,https://fimgs.net/mdimg/perfume/270x270.73602.jpg
Indigo Smoke Arquiste (unisex) ~ 2022,0.20282,17,38,https://fimgs.net/mdimg/perfume/270x270.75976.jpg
Amberwood Clive Christian (unisex) ~ 2022,0.20937,19,42,https://fimgs.net/mdimg/perfume/270x270.73599.jpg
Illusione Bois Nu Bottega Veneta (male) ~ 2021,0.21505,21,46,https://fimgs.net/mdimg/perfume/270x270.68564.jpg
Midnight Oud Ard Al Zaafaran (unisex) ~ 2021,0.22003,23,50,https://fimgs.net/mdimg/perfume/270x270.66534.jpg
Lux Visionaria Filippo Sorcinelli (unisex) ~ 2022,0.14284,7,18,https://fimgs.net/mdimg/perfume/270x270.74666.jpg
Vetiver Java Perris Monte Carlo (unisex) ~ 2021,0.18602,13,30,https://fimgs.net/mdimg/perfume/270x270.69856.jpg
Aqua Celestia Cologne Forte Maison Francis Kurkdjian (unisex) ~ 2021,0.19915,16,36,https://fimgs.net/mdimg/perfume/270x270.66993.jpg
Indigo Tanzanite Giorgio Armani (unisex) ~ 2022,0.13151,6,16,https://fimgs.net/mdimg/perfume/270x270.71537.jpg
Gold + Commodity (unisex) ~ 2021,0.14284,7,18,https://fimgs.net/mdimg/perfume/270x270.70015.jpg
Sand Dance Stéphane Humbert Lucas 777 (unisex) ~ 2022,0.11806,5,14,https://fimgs.net/mdimg/perfume/270x270.72384.jpg
Zaharoff Signature Royale X Zaharoff (male) ~ 2021,0.13151,6,16,https://fimgs.net/mdimg/perfume/270x270.73656.jpg
Blue Seduction Wave for Men Antonio Banderas (male) ~ 2022,0.14284,7,18,https://fimgs.net/mdimg/perfume/270x270.76197.jpg
Fig Infusion Essential Parfums (unisex) ~ 2022,0.11806,5,14,https://fimgs.net/mdimg/perfume/270x270.73092.jpg
Amoral Pernoire (unisex) ~ 2022,0.08179,3,10,https://fimgs.net/mdimg/perfume/270x270.74779.jpg
212 Heroes Carolina Herrera (male) ~ 2021,0.15254,8,20,https://fimgs.net/mdimg/perfume/270x270.65988.jpg
The Perfection HMNS (unisex) ~ 2021,0.02568,1,6,https://fimgs.net/mdimg/perfume/270x270.75967.jpg
Perfect De Link LINK (male) ~ 2022,0.02568,1,6,https://fimgs.net/mdimg/perfume/270x270.75724.jpg
Prime 2 PROUD (unisex) ~ 2022,0.02568,1,6,https://fimgs.net/mdimg/perfume/270x270.76540.jpg
Prime 5 PROUD (unisex) ~ 2022,0.02568,1,6,https://fimgs.net/mdimg/perfume/270x270.76543.jpg
Prime 4 PROUD (unisex) ~ 2022,0.02568,1,6,https://fimgs.net/mdimg/perfume/270x270.76542.jpg
Oud Satin Ministry of Oud (unisex) ~ 2021,0.2478,43,91,https://fimgs.net/mdimg/perfume/270x270.74588.jpg
Evil Angel a.k.a. 28.09 Lorenzo Pazzaglia (unisex) ~ 2022,0.21927,24,53,https://fimgs.net/mdimg/perfume/270x270.74247.jpg
Northern Cardinal Zoologist Perfumes (unisex) ~ 2022,0.20253,18,41,https://fimgs.net/mdimg/perfume/270x270.74111.jpg
Wild Carrot Oud Bohoboco (unisex) ~ 2022,0.18155,13,31,https://fimgs.net/mdimg/perfume/270x270.74152.jpg
Noir by Night Atelier des Ors (unisex) ~ 2022,0.14699,8,21,https://fimgs.net/mdimg/perfume/270x270.76836.jpg
Seemann Rammstein (unisex) ~ 2021,0.16326,10,25,https://fimgs.net/mdimg/perfume/270x270.69828.jpg
Racquets Penhaligon's (unisex) ~ 2021,0.14699,8,21,https://fimgs.net/mdimg/perfume/270x270.65598.jpg
Rahassanai Prin (unisex) ~ 2022,0.12548,6,17,https://fimgs.net/mdimg/perfume/270x270.73424.jpg
Oqachol Prin (unisex) ~ 2022,0.13704,7,19,https://fimgs.net/mdimg/perfume/270x270.73423.jpg
Crying of Evil Stéphane Humbert Lucas 777 (unisex) ~ 2022,0.11186,5,15,https://fimgs.net/mdimg/perfume/270x270.72383.jpg
A'mmare Carthusia (unisex) ~ 2021,0.13704,7,19,https://fimgs.net/mdimg/perfume/270x270.67862.jpg
Neroli Nostrum Lunio (unisex) ~ 2022,0.13704,7,19,https://fimgs.net/mdimg/perfume/270x270.75342.jpg
Sexy Eyes Blackcliff Parfums (unisex) ~ 2021,0.09555,4,13,https://fimgs.net/mdimg/perfume/270x270.71881.jpg
Qaa'ed Al Shabaab Lattafa Perfumes (male) ~ 2021,0.16326,10,25,https://fimgs.net/mdimg/perfume/270x270.70246.jpg
Oudmanthus Renier Perfumes (unisex) ~ 2021,0.05137,2,9,https://fimgs.net/mdimg/perfume/270x270.70878.jpg
Phantom Laverne (unisex) ~ 2021,0.07571,3,11,https://fimgs.net/mdimg/perfume/270x270.70107.jpg
Aweigh Navitus Parfums (unisex) ~ 2021,0.05137,2,9,https://fimgs.net/mdimg/perfume/270x270.70070.jpg
Maghateer Nabeel (unisex) ~ 2022,0,0,5,https://fimgs.net/mdimg/perfume/270x270.77554.jpg
Prime 3 PROUD (unisex) ~ 2022,0.02242,1,7,https://fimgs.net/mdimg/perfume/270x270.76541.jpg
Beauty and The Beast Areej Le Doré (unisex) ~ 2022,0.24023,38,82,https://fimgs.net/mdimg/perfume/270x270.76658.jpg
Free d'Homme CoSTUME NATIONAL (male) ~ 2022,0.22673,29,64,https://fimgs.net/mdimg/perfume/270x270.76579.jpg
Sleight of Fern Masque Milano (unisex) ~ 2022,0.21387,23,52,https://fimgs.net/mdimg/perfume/270x270.73497.jpg
Humor Estelar Natura (unisex) ~ 2022,0.16543,11,28,https://fimgs.net/mdimg/perfume/270x270.77439.jpg
PM Fragrance Du Bois (unisex) ~ 2022,0.15848,10,26,https://fimgs.net/mdimg/perfume/270x270.73425.jpg
Solstis Fragrance Du Bois (unisex) ~ 2022,0.15067,9,24,https://fimgs.net/mdimg/perfume/270x270.72405.jpg
Manhattan City Rhythm (unisex) ~ 2021,0.10628,5,16,https://fimgs.net/mdimg/perfume/270x270.75007.jpg
In Love With Everything Imaginary Authors (unisex) ~ 2022,0.10628,5,16,https://fimgs.net/mdimg/perfume/270x270.77096.jpg
Emerald Royals Ex Nihilo (unisex) ~ 2022,0.07047,3,12,https://fimgs.net/mdimg/perfume/270x270.74593.jpg
11:11 FreeShape Milano (unisex) ~ 2022,0.07047,3,12,https://fimgs.net/mdimg/perfume/270x270.74901.jpg
cyber-sex Filippo Sorcinelli (unisex) ~ 2021,0.07047,3,12,https://fimgs.net/mdimg/perfume/270x270.67616.jpg
Aubade Navitus Parfums (unisex) ~ 2021,0.04696,2,10,https://fimgs.net/mdimg/perfume/270x270.70067.jpg
Stetson Spirit Cologne Coty (unisex) ~ 2021,0.01989,1,8,https://fimgs.net/mdimg/perfume/270x270.71662.jpg
Dulce Diablo Narcotica (unisex) ~ 2022,0.22227,28,63,https://fimgs.net/mdimg/perfume/270x270.73265.jpg
Open Road Coach (male) ~ 2022,0.18771,16,39,https://fimgs.net/mdimg/perfume/270x270.75425.jpg
Imperial Wood Pana Dora (unisex) ~ 2021,0.13702,8,23,https://fimgs.net/mdimg/perfume/270x270.68464.jpg
Halcyon Soma Parfums (unisex) ~ 2022,0.10123,5,17,https://fimgs.net/mdimg/perfume/270x270.74073.jpg
Venom Incarnat Stéphane Humbert Lucas 777 (unisex) ~ 2022,0.08508,4,15,https://fimgs.net/mdimg/perfume/270x270.72387.jpg
Defy Calvin Klein (male) ~ 2021,0.17849,14,35,https://fimgs.net/mdimg/perfume/270x270.68225.jpg
Sexy Viking DS&Durga (unisex) ~ 2022,0.08508,4,15,https://fimgs.net/mdimg/perfume/270x270.77013.jpg
Vanilla Royale Sugared Patchouli | 64 Eau De Parfum Intense Kayali Fragrances (unisex) ~ 2022,0.08508,4,15,https://fimgs.net/mdimg/perfume/270x270.77430.jpg
Jacomo de Jacomo In Black Jacomo (male) ~ 2021,0.04326,2,11,https://fimgs.net/mdimg/perfume/270x270.69936.jpg
L'Elegant MDCI Parfums (male) ~ 2021,0.08508,4,15,https://fimgs.net/mdimg/perfume/270x270.67518.jpg
Eidesis Aesop (unisex) ~ 2022,0.08508,4,15,https://fimgs.net/mdimg/perfume/270x270.76978.jpg
African Rooibos Chris Collins (unisex) ~ 2021,0.06591,3,13,https://fimgs.net/mdimg/perfume/270x270.66748.jpg
Somebody Wood Phlur (unisex) ~ 2022,0.04326,2,11,https://fimgs.net/mdimg/perfume/270x270.78000.jpg
Deer Wolf Brothers (unisex) ~ 2021,0.04326,2,11,https://fimgs.net/mdimg/perfume/270x270.72370.jpg
Crazy Hours 6 Franck Muller (unisex) ~ 2022,0.01788,1,9,https://fimgs.net/mdimg/perfume/270x270.76030.jpg
Chaos Vertus (unisex) ~ 2021,0.04326,2,11,https://fimgs.net/mdimg/perfume/270x270.69904.jpg
Venom of Love Navitus Parfums (unisex) ~ 2022,0.04326,2,11,https://fimgs.net/mdimg/perfume/270x270.76980.jpg
Blue Matcha Montale (unisex) ~ 2021,0.13252,8,24,https://fimgs.net/mdimg/perfume/270x270.68793.jpg
Velur Miraj (male) ~ 2022,0.12218,7,22,https://fimgs.net/mdimg/perfume/270x270.76778.jpg
Aqua Vitae Cologne Forte Maison Francis Kurkdjian (unisex) ~ 2021,0.15695,11,30,https://fimgs.net/mdimg/perfume/270x270.66995.jpg
Leather Jardin Zara (unisex) ~ 2021,0.11034,6,20,https://fimgs.net/mdimg/perfume/270x270.69129.jpg
Dunhuang (敦煌) Prissana (unisex) ~ 2022,0.09664,5,18,https://fimgs.net/mdimg/perfume/270x270.75355.jpg
Methexis Manos Gerakinis (unisex) ~ 2022,0.08066,4,16,https://fimgs.net/mdimg/perfume/270x270.75262.jpg
Montabaco Ivoire Ormonde Jayne (unisex) ~ 2022,0.09664,5,18,https://fimgs.net/mdimg/perfume/270x270.71827.jpg
Solon Athena Fragrances (male) ~ 2021,0.06191,3,14,https://fimgs.net/mdimg/perfume/270x270.70773.jpg
Urban Hero Gold Edition Jimmy Choo (male) ~ 2021,0.09664,5,18,https://fimgs.net/mdimg/perfume/270x270.68360.jpg
Guilty Pleasure Hate Me Love Me (male) ~ 2022,0.01623,1,10,https://fimgs.net/mdimg/perfume/270x270.76047.jpg
Om Centauri Perfumes (unisex) ~ 2021,0.01623,1,10,https://fimgs.net/mdimg/perfume/270x270.71945.jpg
Luxe Calme Volupte Francesca Bianchi (unisex) ~ 2021,0.21284,26,61,https://fimgs.net/mdimg/perfume/270x270.67918.jpg
Eden-Roc Dior (unisex) ~ 2021,0.20524,23,55,https://fimgs.net/mdimg/perfume/270x270.66856.jpg
Icon Racing Red Alfred Dunhill (male) ~ 2021,0.17617,15,39,https://fimgs.net/mdimg/perfume/270x270.66057.jpg
Grand Master Mind Games (unisex) ~ 2022,0.12832,8,25,https://fimgs.net/mdimg/perfume/270x270.76710.jpg
Eden Amber Claudio Zucca Parfums (unisex) ~ 2022,0.10607,6,21,https://fimgs.net/mdimg/perfume/270x270.78134.jpg
Homem Tato Natura (male) ~ 2021,0.1375,9,27,https://fimgs.net/mdimg/perfume/270x270.68157.jpg
Dolci Pensieri Profumum Roma (unisex) ~ 2021,0.12832,8,25,https://fimgs.net/mdimg/perfume/270x270.70744.jpg
Gourmand Leather Nº0059 Zara (male) ~ 2022,0.14569,10,29,https://fimgs.net/mdimg/perfume/270x270.74436.jpg
Regatta Façonnable (male) ~ 2021,0.11792,7,23,https://fimgs.net/mdimg/perfume/270x270.68796.jpg
Lao Oud Bortnikoff (unisex) ~ 2021,0.1375,9,27,https://fimgs.net/mdimg/perfume/270x270.69178.jpg
Iris d'Élite Versace (unisex) ~ 2021,0.10607,6,21,https://fimgs.net/mdimg/perfume/270x270.70885.jpg
Vetiver Bourbon Parfum d'Empire (unisex) ~ 2022,0.12832,8,25,https://fimgs.net/mdimg/perfume/270x270.76536.jpg
Agar Attar Agar Aura (unisex) ~ 2022,0.07667,4,17,https://fimgs.net/mdimg/perfume/270x270.70694.jpg
Late Harvest Fort & Manle (unisex) ~ 2022,0.03736,2,13,https://fimgs.net/mdimg/perfume/270x270.74155.jpg
Datura Amaretti Panouge (unisex) ~ 2021,0.03736,2,13,https://fimgs.net/mdimg/perfume/270x270.57365.jpg
Divine Aphrodisiac Navitus Parfums (unisex) ~ 2022,0.01486,1,11,https://fimgs.net/mdimg/perfume/270x270.77207.jpg
Andrés Croxatto Man Andres Croxatto (male) ~ 2021,0.01486,1,11,https://fimgs.net/mdimg/perfume/270x270.68880.jpg
M V2Q Puredistance (male) ~ 2022,0.20785,25,60,https://fimgs.net/mdimg/perfume/270x270.74481.jpg
Malbec Ultra Bleu O Boticário (male) ~ 2022,0.20252,23,56,https://fimgs.net/mdimg/perfume/270x270.75487.jpg
Wild Leather Yves Saint Laurent (unisex) ~ 2021,0.17752,16,42,https://fimgs.net/mdimg/perfume/270x270.67579.jpg
NILUFER Extrait De Parfum Nilafar du Nil (unisex) ~ 2021,0.12437,8,26,https://fimgs.net/mdimg/perfume/270x270.70411.jpg
Divine Perversion Hedonik (unisex) ~ 2021,0.13361,9,28,https://fimgs.net/mdimg/perfume/270x270.69398.jpg
In Tulum Zara (male) ~ 2022,0.13361,9,28,https://fimgs.net/mdimg/perfume/270x270.72633.jpg
Miami City Rhythm (unisex) ~ 2021,0.15601,12,34,https://fimgs.net/mdimg/perfume/270x270.75008.jpg
Ganymedes Patrice Martin (unisex) ~ 2022,0.0886,5,20,https://fimgs.net/mdimg/perfume/270x270.75077.jpg
Yellow Rose Incense Bohoboco (unisex) ~ 2021,0.07307,4,18,https://fimgs.net/mdimg/perfume/270x270.69440.jpg
Varuek (วฤค) Prin (unisex) ~ 2021,0.0886,5,20,https://fimgs.net/mdimg/perfume/270x270.68917.jpg
Macomba Hermetica (unisex) ~ 2022,0.03498,2,14,https://fimgs.net/mdimg/perfume/270x270.76311.jpg
Pure Addiction Franck Olivier (unisex) ~ 2021,0.0552,3,16,https://fimgs.net/mdimg/perfume/270x270.70675.jpg
San Diego City Rhythm (unisex) ~ 2022,0.03498,2,14,https://fimgs.net/mdimg/perfume/270x270.75005.jpg
Resonance Chris Rusak (unisex) ~ 2021,0.20532,25,61,https://fimgs.net/mdimg/perfume/270x270.76309.jpg
Abîme Maison Violet (unisex) ~ 2022,0.21022,27,65,https://fimgs.net/mdimg/perfume/270x270.76310.jpg
Zero Comme des Garcons (unisex) ~ 2022,0.19987,23,57,https://fimgs.net/mdimg/perfume/270x270.74318.jpg
Solo Atlas Loewe (male) ~ 2021,0.19689,22,55,https://fimgs.net/mdimg/perfume/270x270.70802.jpg
The Icon Eau de Parfum Antonio Banderas (male) ~ 2022,0.19373,21,53,https://fimgs.net/mdimg/perfume/270x270.71729.jpg
Bois Primitif Claudio Zucca Parfums (unisex) ~ 2022,0.15253,12,35,https://fimgs.net/mdimg/perfume/270x270.75131.jpg
Montabaco Cuba Ormonde Jayne (unisex) ~ 2022,0.18678,19,49,https://fimgs.net/mdimg/perfume/270x270.71826.jpg
Acrasia BeauFort London (unisex) ~ 2022,0.15871,13,37,https://fimgs.net/mdimg/perfume/270x270.77215.jpg
Cavort Extrait de Parfum Fragrance Du Bois (unisex) ~ 2021,0.12066,8,27,https://fimgs.net/mdimg/perfume/270x270.72016.jpg
Mr. Pink Blackcliff Parfums (unisex) ~ 2021,0.09846,6,23,https://fimgs.net/mdimg/perfume/270x270.71880.jpg
CK1 Palace Calvin Klein (unisex) ~ 2022,0.12994,9,29,https://fimgs.net/mdimg/perfume/270x270.73293.jpg
Amiri Arabian Oud (unisex) ~ 2022,0.11024,7,25,https://fimgs.net/mdimg/perfume/270x270.77308.jpg
Dans Le Bleu Qui Pétille Serge Lutens (unisex) ~ 2022,0.05237,3,17,https://fimgs.net/mdimg/perfume/270x270.74024.jpg
Mists of Time Gallagher Fragrances (unisex) ~ 2022,0.05237,3,17,https://fimgs.net/mdimg/perfume/270x270.74462.jpg
212 VIP Black Smiley Carolina Herrera (male) ~ 2022,0.06979,4,19,https://fimgs.net/mdimg/perfume/270x270.72730.jpg
Scalpers The Club Scalpers (male) ~ 2021,0.03288,2,15,https://fimgs.net/mdimg/perfume/270x270.70464.jpg
Sartorial Nuit Navitus Parfums (unisex) ~ 2022,0.01272,1,13,https://fimgs.net/mdimg/perfume/270x270.77209.jpg
Harmattan Ella K Parfums (unisex) ~ 2021,0.17584,17,46,https://fimgs.net/mdimg/perfume/270x270.77949.jpg
Scorpio Rising Eris Parfums (unisex) ~ 2022,0.1876,20,52,https://fimgs.net/mdimg/perfume/270x270.72014.jpg
Bloody Smoke Lorenzo Pazzaglia (unisex) ~ 2021,0.19103,21,54,https://fimgs.net/mdimg/perfume/270x270.69656.jpg
Onthamara Prin (unisex) ~ 2022,0.16646,15,42,https://fimgs.net/mdimg/perfume/270x270.73422.jpg
Deep Water Claudio Zucca Parfums (unisex) ~ 2022,0.16646,15,42,https://fimgs.net/mdimg/perfume/270x270.75132.jpg
Acqua Di Sale Limited Edition Profumum Roma (unisex) ~ 2021,0.17584,17,46,https://fimgs.net/mdimg/perfume/270x270.71920.jpg
No Limit$ Super Fre$h Philipp Plein Parfums (male) ~ 2021,0.22364,35,82,https://fimgs.net/mdimg/perfume/270x270.67166.jpg
Blockade Mind Games (unisex) ~ 2022,0.16119,14,40,https://fimgs.net/mdimg/perfume/270x270.76717.jpg
Alias Bruno Perrucci Parfums (unisex) ~ 2022,0.13481,10,32,https://fimgs.net/mdimg/perfume/270x270.74438.jpg
Tiba Nilafar du Nil (unisex) ~ 2022,0.11716,8,28,https://fimgs.net/mdimg/perfume/270x270.75023.jpg
TANIS TABAC Nilafar du Nil (unisex) ~ 2022,0.09505,6,24,https://fimgs.net/mdimg/perfume/270x270.74576.jpg
TOWA Nilafar du Nil (unisex) ~ 2022,0.09505,6,24,https://fimgs.net/mdimg/perfume/270x270.74577.jpg
Crocus Eau de Parfum Santa Eulalia (unisex) ~ 2021,0.09505,6,24,https://fimgs.net/mdimg/perfume/270x270.68509.jpg
Hoz Mallo (unisex) ~ 2021,0.10676,7,26,https://fimgs.net/mdimg/perfume/270x270.73316.jpg
Cèdre Secret Kenzo (unisex) ~ 2022,0.09505,6,24,https://fimgs.net/mdimg/perfume/270x270.73082.jpg
Mixed Emotions Byredo (unisex) ~ 2021,0.16119,14,40,https://fimgs.net/mdimg/perfume/270x270.65525.jpg
Oceanic Amber Korres (male) ~ 2021,0.10676,7,26,https://fimgs.net/mdimg/perfume/270x270.67504.jpg
Evernia Ormonde Jayne (unisex) ~ 2021,0.08181,5,22,https://fimgs.net/mdimg/perfume/270x270.69073.jpg
Energetically New York Zara (unisex) ~ 2021,0.06679,4,20,https://fimgs.net/mdimg/perfume/270x270.70524.jpg
Salty Amber Cologne Jo Malone London (unisex) ~ 2022,0.06679,4,20,https://fimgs.net/mdimg/perfume/270x270.74043.jpg
Cologne Céleste Bortnikoff (unisex) ~ 2022,0.18491,20,53,https://fimgs.net/mdimg/perfume/270x270.77015.jpg
Cherry Fever Lunio (unisex) ~ 2022,0.19769,24,61,https://fimgs.net/mdimg/perfume/270x270.77657.jpg
CH Men Under The Sea Carolina Herrera (male) ~ 2021,0.16345,15,43,https://fimgs.net/mdimg/perfume/270x270.65697.jpg
Malbec X O Boticário (male) ~ 2022,0.12316,9,31,https://fimgs.net/mdimg/perfume/270x270.72694.jpg
Amber Oud White Edition Al Haramain Perfumes (unisex) ~ 2022,0.13154,10,33,https://fimgs.net/mdimg/perfume/270x270.73210.jpg
Mineral Wood Claudio Zucca Parfums (unisex) ~ 2022,0.07878,5,23,https://fimgs.net/mdimg/perfume/270x270.78135.jpg
Xi'an Guerlain (unisex) ~ 2021,0.13154,10,33,https://fimgs.net/mdimg/perfume/270x270.65980.jpg
Bois D'Indonésie Maison de L'Asie (unisex) ~ 2021,0.04749,3,19,https://fimgs.net/mdimg/perfume/270x270.69194.jpg
Olivier Ondé Eau de Parfum L'Occitane en Provence (male) ~ 2021,0.07878,5,23,https://fimgs.net/mdimg/perfume/270x270.65549.jpg
Ce N'est Pas Un Patchouly Anthologie by Lucien Ferrero Maitre Parfumeur (unisex) ~ 2022,0.17853,19,52,https://fimgs.net/mdimg/perfume/270x270.74769.jpg
Alba sui Navigli Trussardi (unisex) ~ 2022,0.14297,12,38,https://fimgs.net/mdimg/perfume/270x270.73545.jpg
AmbeRum Bruno Perrucci Parfums (unisex) ~ 2022,0.12003,9,32,https://fimgs.net/mdimg/perfume/270x270.77888.jpg
Homem Neo Natura (male) ~ 2022,0.08889,6,26,https://fimgs.net/mdimg/perfume/270x270.75016.jpg
Trajan Extrait Nilafar du Nil (male) ~ 2021,0.10042,7,28,https://fimgs.net/mdimg/perfume/270x270.69400.jpg
Biografia Encontros Natura (male) ~ 2022,0.07598,5,24,https://fimgs.net/mdimg/perfume/270x270.75282.jpg
Baccarat Rouge 540 Scented Hair Mist Maison Francis Kurkdjian (unisex) ~ 2022,0.16056,15,44,https://fimgs.net/mdimg/perfume/270x270.77573.jpg
Madrid Clandestine Laboratories (unisex) ~ 2021,0.0615,4,22,https://fimgs.net/mdimg/perfume/270x270.75502.jpg
Londoner MAYJOY The Perfumer (unisex) ~ 2022,0.01046,1,16,https://fimgs.net/mdimg/perfume/270x270.76252.jpg
Strictly For Night Van Gils (male) ~ 2021,0.02787,2,18,https://fimgs.net/mdimg/perfume/270x270.67159.jpg
Encore du temps Meo Fusciuni (unisex) ~ 2022,0.18335,21,57,https://fimgs.net/mdimg/perfume/270x270.72526.jpg
Domenico Caraceni 1913 Eau de Parfum Domenico Caraceni (male) ~ 2022,0.15233,14,43,https://fimgs.net/mdimg/perfume/270x270.76344.jpg
Derviche II Rogue Perfumery (unisex) ~ 2021,0.18993,23,61,https://fimgs.net/mdimg/perfume/270x270.71230.jpg
Double Bond Bruno Perrucci Parfums (unisex) ~ 2022,0.1078,8,31,https://fimgs.net/mdimg/perfume/270x270.74439.jpg
Demigod XXI Tomavicci (unisex) ~ 2022,0.04344,3,21,https://fimgs.net/mdimg/perfume/270x270.78042.jpg
Lucky Santal Dixit & Zak (unisex) ~ 2021,0.04344,3,21,https://fimgs.net/mdimg/perfume/270x270.71950.jpg
La Douleur Exquise Les Abstraits (unisex) ~ 2022,0.00987,1,17,https://fimgs.net/mdimg/perfume/270x270.75541.jpg
Cologne de Feu Bortnikoff (unisex) ~ 2022,0.16488,17,50,https://fimgs.net/mdimg/perfume/270x270.77014.jpg
Cologne de la Terre Bortnikoff (unisex) ~ 2022,0.15507,15,46,https://fimgs.net/mdimg/perfume/270x270.77016.jpg
Kinetic [--:-- GMT] TUMI (male) ~ 2022,0.14959,14,44,https://fimgs.net/mdimg/perfume/270x270.76413.jpg
Malinau Agar Aura (unisex) ~ 2022,0.12261,10,36,https://fimgs.net/mdimg/perfume/270x270.75669.jpg
Brioni Eau de Parfum Eclat Brioni (male) ~ 2022,0.13025,11,38,https://fimgs.net/mdimg/perfume/270x270.73427.jpg
Young Rose Byredo (unisex) ~ 2021,0.14959,14,44,https://fimgs.net/mdimg/perfume/270x270.69009.jpg
Riviera Façonnable (male) ~ 2021,0.13025,11,38,https://fimgs.net/mdimg/perfume/270x270.68795.jpg
Le Mans Classic Speed Legends Ex Nihilo (male) ~ 2022,0.12261,10,36,https://fimgs.net/mdimg/perfume/270x270.75060.jpg
Acqua di Pino Cologne Pino Silvestre (male) ~ 2021,0.13025,11,38,https://fimgs.net/mdimg/perfume/270x270.68108.jpg
Verdant Delirivm Santi Burgas (unisex) ~ 2022,0.04167,3,22,https://fimgs.net/mdimg/perfume/270x270.74675.jpg
Waidmanns Heil Rammstein (unisex) ~ 2022,0.0948,7,30,https://fimgs.net/mdimg/perfume/270x270.75648.jpg
Tobacco Sense Birkholz (unisex) ~ 2021,0.04167,3,22,https://fimgs.net/mdimg/perfume/270x270.70268.jpg
Game of Spade Rouge Jo Milano Paris (unisex) ~ 2021,0.02529,2,20,https://fimgs.net/mdimg/perfume/270x270.74172.jpg
Scalpers The Boxing Club Scalpers (male) ~ 2022,0.00935,1,18,https://fimgs.net/mdimg/perfume/270x270.72090.jpg
Vetiver Gris Jacques Fath (unisex) ~ 2022,0.16235,17,51,https://fimgs.net/mdimg/perfume/270x270.74683.jpg
Cabriole Hermès (unisex) ~ 2022,0.1668,18,53,https://fimgs.net/mdimg/perfume/270x270.76019.jpg
Gardez Mind Games (unisex) ~ 2022,0.12754,11,39,https://fimgs.net/mdimg/perfume/270x270.76711.jpg
Cursed Bruno Perrucci Parfums (unisex) ~ 2022,0.09222,7,31,https://fimgs.net/mdimg/perfume/270x270.77890.jpg
Kadine (2021) Guerlain (unisex) ~ 2021,0.13454,12,41,https://fimgs.net/mdimg/perfume/270x270.69047.jpg
Maxximus IX In The Box (unisex) ~ 2022,0.06864,5,27,https://fimgs.net/mdimg/perfume/270x270.71643.jpg
Phantom Legion Paco Rabanne (male) ~ 2022,0.21032,33,83,https://fimgs.net/mdimg/perfume/270x270.71654.jpg
Tucson Astier de Villatte (unisex) ~ 2022,0.05497,4,25,https://fimgs.net/mdimg/perfume/270x270.75638.jpg
Domini Nuancielo (unisex) ~ 2022,0.02418,2,21,https://fimgs.net/mdimg/perfume/270x270.75357.jpg
Fashionably London Zara (unisex) ~ 2021,0.02418,2,21,https://fimgs.net/mdimg/perfume/270x270.70519.jpg
Rashomon Volume I Parfums Karmic Hues (unisex) ~ 2022,0.13842,13,44,https://fimgs.net/mdimg/perfume/270x270.73763.jpg
Rashomon Volume II Parfums Karmic Hues (unisex) ~ 2022,0.14439,14,46,https://fimgs.net/mdimg/perfume/270x270.73764.jpg
Accord No. 08: Labdanum + Oak AER Scents (unisex) ~ 2022,0.1173,10,38,https://fimgs.net/mdimg/perfume/270x270.77897.jpg
Out In The Open A13 (unisex) ~ 2021,0.13842,13,44,https://fimgs.net/mdimg/perfume/270x270.67678.jpg
Lost in the Desert Memoirs Of A Perfume Collector (unisex) ~ 2021,0.13842,13,44,https://fimgs.net/mdimg/perfume/270x270.72010.jpg
Bois Flotté Eau de Parfum L'Occitane en Provence (male) ~ 2021,0.09982,8,34,https://fimgs.net/mdimg/perfume/270x270.65550.jpg
Rostracto Rogue Perfumery (unisex) ~ 2022,0.0787,6,30,https://fimgs.net/mdimg/perfume/270x270.75640.jpg
Route King Route 66 Viking (male) ~ 2021,0.0787,6,30,https://fimgs.net/mdimg/perfume/270x270.69831.jpg
Concrete Rain Allsaints (unisex) ~ 2021,0.0787,6,30,https://fimgs.net/mdimg/perfume/270x270.71447.jpg
North Star The Woods Collection (male) ~ 2021,0.03852,3,24,https://fimgs.net/mdimg/perfume/270x270.76486.jpg
Amber Musk Al Haramain Perfumes (unisex) ~ 2021,0.00846,1,20,https://fimgs.net/mdimg/perfume/270x270.70387.jpg
Baghdad 2 Maison Anthony Marmin (unisex) ~ 2021,0.1475,15,49,https://fimgs.net/mdimg/perfume/270x270.65956.jpg
Accord No. 04: Cedar + Ginger AER Scents (unisex) ~ 2022,0.1065,9,37,https://fimgs.net/mdimg/perfume/270x270.77923.jpg
Intime.Extime Pierre Guillaume Paris (unisex) ~ 2022,0.11482,10,39,https://fimgs.net/mdimg/perfume/270x270.73786.jpg
Pantheon R Extrait Pantheon Roma (male) ~ 2021,0.11482,10,39,https://fimgs.net/mdimg/perfume/270x270.66468.jpg
Marseille Comme des Garcons (unisex) ~ 2021,0.12244,11,41,https://fimgs.net/mdimg/perfume/270x270.70223.jpg
Lèche-Flamme Jousset Parfums (unisex) ~ 2021,0.08745,7,33,https://fimgs.net/mdimg/perfume/270x270.65645.jpg
Nuvolari Rubini (unisex) ~ 2021,0.09742,8,35,https://fimgs.net/mdimg/perfume/270x270.69356.jpg
Saffron Oud SAP Perfume (unisex) ~ 2021,0.02222,2,23,https://fimgs.net/mdimg/perfume/270x270.73205.jpg
Greek Keys Absolue Miniature Sarah Baker Perfumes (unisex) ~ 2021,0.02222,2,23,https://fimgs.net/mdimg/perfume/270x270.68879.jpg
